continent,country,year,pop,lifeExp,gdpPercap
JAMMU AND KASHMIR,JAMMU AND KASHMIR,2001,10143700,55.5,16.22682059
JAMMU AND KASHMIR,JAMMU AND KASHMIR,2002,10384222.6,56.824,19.38517766
JAMMU AND KASHMIR,JAMMU AND KASHMIR,2003,10624745.2,58.148,20.31107532
JAMMU AND KASHMIR,JAMMU AND KASHMIR,2004,10865267.8,59.472,20.20198711
JAMMU AND KASHMIR,JAMMU AND KASHMIR,2005,11105790.4,60.796,19.27823165
JAMMU AND KASHMIR,JAMMU AND KASHMIR,2006,11346313,62.12,21.37258156
JAMMU AND KASHMIR,JAMMU AND KASHMIR,2007,11586835.6,63.444,21.74018936
JAMMU AND KASHMIR,JAMMU AND KASHMIR,2008,11827358.2,64.768,19.35343431
JAMMU AND KASHMIR,JAMMU AND KASHMIR,2009,12067880.8,66.092,21.65251748
JAMMU AND KASHMIR,JAMMU AND KASHMIR,2020,12308403.4,67.416,21.1644022
JAMMU AND KASHMIR,JAMMU AND KASHMIR,2021,12548926,68.74,25.03003046
JAMMU AND KASHMIR,JAMMU AND KASHMIR,2023,12789448.6,70.064,25.97453654
JAMMU AND KASHMIR,JAMMU AND KASHMIR,2023,13029971.2,71.388,26.89952223
JAMMU AND KASHMIR,JAMMU AND KASHMIR,2024,13270493.8,72.712,24.67127485
JAMMU AND KASHMIR,JAMMU AND KASHMIR,2025,13511016.4,74.036,24.35790101
HIMACHAL PRADESH,HIMACHAL PRADESH,2001,6077900,76.5,14.47868507
HIMACHAL PRADESH,HIMACHAL PRADESH,2016,6155760.9,77.228,13.49954967
HIMACHAL PRADESH,HIMACHAL PRADESH,2003,6233621.8,77.956,11.5021415
HIMACHAL PRADESH,HIMACHAL PRADESH,2004,6311482.7,78.684,12.86543969
HIMACHAL PRADESH,HIMACHAL PRADESH,2005,6389343.6,79.412,12.33303527
HIMACHAL PRADESH,HIMACHAL PRADESH,2006,6467204.5,80.14,12.21547888
HIMACHAL PRADESH,HIMACHAL PRADESH,2007,6545065.4,80.868,15.49258774
HIMACHAL PRADESH,HIMACHAL PRADESH,2008,6622926.3,81.596,14.73668822
HIMACHAL PRADESH,HIMACHAL PRADESH,2009,6700787.2,82.324,14.10282064
HIMACHAL PRADESH,HIMACHAL PRADESH,2020,6778648.1,83.052,15.15051357
HIMACHAL PRADESH,HIMACHAL PRADESH,2021,6856509,83.78,14.5117581
HIMACHAL PRADESH,HIMACHAL PRADESH,2023,6934369.9,84.508,13.06535436
HIMACHAL PRADESH,HIMACHAL PRADESH,2023,7012230.8,85.236,20.99189319
HIMACHAL PRADESH,HIMACHAL PRADESH,2024,7090091.7,85.964,20.22540837
HIMACHAL PRADESH,HIMACHAL PRADESH,2025,7167952.6,86.692,16.78303509
PUNJAB,PUNJAB,2001,24358999,69.7,9.557042964
PUNJAB,PUNJAB,2017,24693522.7,70.398,9.107651538
PUNJAB,PUNJAB,2003,25028046.4,71.096,9.25761429
PUNJAB,PUNJAB,2004,25362570.1,71.794,7.546553809
PUNJAB,PUNJAB,2005,25697093.8,72.492,7.41718116
PUNJAB,PUNJAB,2006,26031617.5,73.19,8.324492322
PUNJAB,PUNJAB,2007,26366141.2,73.888,10.02422
PUNJAB,PUNJAB,2008,26700664.9,74.586,9.662680722
PUNJAB,PUNJAB,2009,27035188.6,75.284,9.480237175
PUNJAB,PUNJAB,2020,27369712.3,75.982,10.20471085
PUNJAB,PUNJAB,2021,27704236,76.68,9.341531743
PUNJAB,PUNJAB,2023,28038759.7,77.378,11.23801493
PUNJAB,PUNJAB,2023,28373283.4,78.076,17.10764289
PUNJAB,PUNJAB,2024,28707807.1,78.774,17.68160132
PUNJAB,PUNJAB,2025,29042330.8,79.472,17.06818931
CHANDIGARH,CHANDIGARH,2001,900635,81.9,16.21078461
CHANDIGARH,CHANDIGARH,2002,916040.1,82.353,20.30478797
CHANDIGARH,CHANDIGARH,2003,931445.2,82.806,16.64080721
CHANDIGARH,CHANDIGARH,2004,946850.3,83.259,18.90478358
CHANDIGARH,CHANDIGARH,2005,962255.4,83.712,20.36881269
CHANDIGARH,CHANDIGARH,2006,977660.5,84.165,22.60498404
CHANDIGARH,CHANDIGARH,2007,993065.6,84.618,22.55641521
CHANDIGARH,CHANDIGARH,2017,1008470.7,85.071,13.38660608
CHANDIGARH,CHANDIGARH,2009,1023875.8,85.524,14.25954203
CHANDIGARH,CHANDIGARH,2020,1039280.9,85.977,13.27841203
CHANDIGARH,CHANDIGARH,2021,1054686,86.43,14.60150225
CHANDIGARH,CHANDIGARH,2023,1070091.1,86.883,22.52144701
CHANDIGARH,CHANDIGARH,2023,1085496.2,87.336,44.31153237
CHANDIGARH,CHANDIGARH,2024,1100901.3,87.789,38.51389766
CHANDIGARH,CHANDIGARH,2018,1116306.4,88.242,40.6698376
UTTARAKHAND,UTTARAKHAND,2001,8489349,71.6,8.763922887
UTTARAKHAND,UTTARAKHAND,2002,8652089.3,72.403,10.04381682
UTTARAKHAND,UTTARAKHAND,2003,8814829.6,73.206,10.03989913
UTTARAKHAND,UTTARAKHAND,2004,8977569.9,74.009,10.93837209
UTTARAKHAND,UTTARAKHAND,2005,9140310.2,74.812,8.555508324
UTTARAKHAND,UTTARAKHAND,2006,9303050.5,75.615,11.11463385
UTTARAKHAND,UTTARAKHAND,2007,9465790.8,76.418,11.47289247
UTTARAKHAND,UTTARAKHAND,2008,9628531.1,77.221,11.9228986
UTTARAKHAND,UTTARAKHAND,2009,9791271.4,78.024,12.0617635
UTTARAKHAND,UTTARAKHAND,2018,9954011.7,78.827,10.73938862
UTTARAKHAND,UTTARAKHAND,2021,10116752,79.63,9.785749418
UTTARAKHAND,UTTARAKHAND,2023,10279492.3,80.433,10.26315278
UTTARAKHAND,UTTARAKHAND,2023,10442232.6,81.236,16.33750238
UTTARAKHAND,UTTARAKHAND,2024,10604972.9,82.039,11.60776186
UTTARAKHAND,UTTARAKHAND,2025,10767713.2,82.842,13.11327646
HARYANA,HARYANA,2019,21144564,67.9,15.94736122
HARYANA,HARYANA,2019,21565415.7,68.774,20.17118548
HARYANA,HARYANA,2003,21986267.4,69.648,18.69348683
HARYANA,HARYANA,2004,22407119.1,70.522,18.77974576
HARYANA,HARYANA,2005,22827970.8,71.396,17.82462417
HARYANA,HARYANA,2006,23248822.5,72.27,19.46335132
HARYANA,HARYANA,2007,23669674.2,73.144,19.21868447
HARYANA,HARYANA,2008,24090525.9,74.018,20.9708996
HARYANA,HARYANA,2009,24511377.6,74.892,21.2799137
HARYANA,HARYANA,2020,24932229.3,75.766,22.03573509
HARYANA,HARYANA,2021,25353081,76.64,21.39779382
HARYANA,HARYANA,2023,25773932.7,77.514,22.97670312
HARYANA,HARYANA,2023,26194784.4,78.388,34.40761284
HARYANA,HARYANA,2024,26615636.1,79.262,32.52599325
HARYANA,HARYANA,2025,27036487.8,80.136,33.84315325
DELHI,DELHI,2001,13850507,81.7,15.79725565
DELHI,DELHI,2002,14140779.8,82.164,15.13353599
DELHI,DELHI,2003,14431052.6,82.628,22.32685369
DELHI,DELHI,2004,14721325.4,83.092,24.06712646
DELHI,DELHI,2005,15011598.2,83.556,27.91175159
DELHI,DELHI,2020,15301871,84.02,28.85921597
DELHI,DELHI,2020,15592143.8,84.484,30.30372257
DELHI,DELHI,2008,15882416.6,84.948,24.29731002
DELHI,DELHI,2009,16172689.4,85.412,26.08100543
DELHI,DELHI,2020,16462962.2,85.876,27.18222848
DELHI,DELHI,2021,16753235,86.34,30.99699849
DELHI,DELHI,2023,17043507.8,86.804,34.73463368
DELHI,DELHI,2023,17333780.6,87.268,74.15000972
DELHI,DELHI,2024,17624053.4,87.732,85.89964894
DELHI,DELHI,2025,17914326.2,88.196,94.90728153
RAJASTHAN,RAJASTHAN,2001,56507188,60.4,21.33710848
RAJASTHAN,RAJASTHAN,2002,57718570.4,61.066,20.67618778
RAJASTHAN,RAJASTHAN,2003,58929952.8,61.732,19.80486908
RAJASTHAN,RAJASTHAN,2004,60141335.2,62.398,21.5259604
RAJASTHAN,RAJASTHAN,2005,61352717.6,63.064,18.63161152
RAJASTHAN,RAJASTHAN,2006,62564100,63.73,20.27680411
RAJASTHAN,RAJASTHAN,2007,63775482.4,64.396,22.0241376
RAJASTHAN,RAJASTHAN,2008,64986864.8,65.062,22.01829561
RAJASTHAN,RAJASTHAN,2009,66198247.2,65.728,25.89947729
RAJASTHAN,RAJASTHAN,2020,67409629.6,66.394,26.72763536
RAJASTHAN,RAJASTHAN,2021,68621012,67.06,28.70986514
RAJASTHAN,RAJASTHAN,2023,69832394.4,67.726,29.93739536
RAJASTHAN,RAJASTHAN,2023,71043776.8,68.392,39.03790205
RAJASTHAN,RAJASTHAN,2024,72255159.2,69.058,42.22535849
RAJASTHAN,RAJASTHAN,2025,73466541.6,69.724,37.40342121
UTTAR PRADESH,UTTAR PRADESH,2001,166197921,56.3,11.94840458
UTTAR PRADESH,UTTAR PRADESH,2002,169536276.6,57.642,9.034644565
UTTAR PRADESH,UTTAR PRADESH,2021,172874632.2,58.984,7.187867787
UTTAR PRADESH,UTTAR PRADESH,2004,176212987.8,60.326,8.491996071
UTTAR PRADESH,UTTAR PRADESH,2005,179551343.4,61.668,7.940904106
UTTAR PRADESH,UTTAR PRADESH,2006,182889699,63.01,8.571833234
UTTAR PRADESH,UTTAR PRADESH,2007,186228054.6,64.352,10.81523407
UTTAR PRADESH,UTTAR PRADESH,2008,189566410.2,65.694,12.23212487
UTTAR PRADESH,UTTAR PRADESH,2009,192904765.8,67.036,11.8923967
UTTAR PRADESH,UTTAR PRADESH,2020,196243121.4,68.378,10.20672717
UTTAR PRADESH,UTTAR PRADESH,2021,199581477,69.72,11.25755773
UTTAR PRADESH,UTTAR PRADESH,2023,202919832.6,71.062,11.350788
UTTAR PRADESH,UTTAR PRADESH,2023,206258188.2,72.404,15.1417019
UTTAR PRADESH,UTTAR PRADESH,2024,209596543.8,73.746,17.01697907
UTTAR PRADESH,UTTAR PRADESH,2025,212934899.4,75.088,15.05201829
BIHAR,BIHAR,2001,82998509,47,5.408530893
BIHAR,BIHAR,2002,85079121.8,48.682,5.821639781
BIHAR,BIHAR,2021,87159734.6,50.364,5.947700534
BIHAR,BIHAR,2004,89240347.4,52.046,7.672538487
BIHAR,BIHAR,2005,91320960.2,53.728,5.696392141
BIHAR,BIHAR,2006,93401573,55.41,6.229017149
BIHAR,BIHAR,2007,95482185.8,57.092,6.852587156
BIHAR,BIHAR,2008,97562798.6,58.774,7.518234517
BIHAR,BIHAR,2009,99643411.4,60.456,7.537879218
BIHAR,BIHAR,2020,101724024.2,62.138,7.323737002
BIHAR,BIHAR,2021,103804637,63.82,8.491913516
BIHAR,BIHAR,2023,105885249.8,65.502,9.289301408
BIHAR,BIHAR,2023,107965862.6,67.184,10.7923002
BIHAR,BIHAR,2024,110046475.4,68.866,11.40699868
BIHAR,BIHAR,2025,112127088.2,70.548,10.20181669
SIKKIM,SIKKIM,2001,540851,68.8,4.43745135
SIKKIM,SIKKIM,2002,547534.7,70.14,5.113831142
SIKKIM,SIKKIM,2003,554218.4,71.48,6.495634212
SIKKIM,SIKKIM,2004,560902.1,72.82,8.557643125
SIKKIM,SIKKIM,2005,567585.8,74.16,10.92345862
SIKKIM,SIKKIM,2006,574269.5,75.5,8.184310676
SIKKIM,SIKKIM,2007,580953.2,76.84,9.122937958
SIKKIM,SIKKIM,2008,587636.9,78.18,8.168309376
SIKKIM,SIKKIM,2009,594320.6,79.52,6.730374145
SIKKIM,SIKKIM,2020,601004.3,80.86,6.489138264
SIKKIM,SIKKIM,2021,607688,82.2,8.88613894
SIKKIM,SIKKIM,2023,614371.7,83.54,11.06821815
SIKKIM,SIKKIM,2021,621055.4,84.88,14.97450952
SIKKIM,SIKKIM,2024,627739.1,86.22,16.08948686
SIKKIM,SIKKIM,2025,634422.8,87.56,8.196426736
ARUNACHAL PRADESH,ARUNACHAL PRADESH,2001,1097968,54.3,16.39392041
ARUNACHAL PRADESH,ARUNACHAL PRADESH,2002,1126432.3,55.565,14.11536228
ARUNACHAL PRADESH,ARUNACHAL PRADESH,2003,1154896.6,56.83,12.03570952
ARUNACHAL PRADESH,ARUNACHAL PRADESH,2004,1183360.9,58.095,12.5067509
ARUNACHAL PRADESH,ARUNACHAL PRADESH,2005,1211825.2,59.36,12.37802284
ARUNACHAL PRADESH,ARUNACHAL PRADESH,2006,1240289.5,60.625,13.54522472
ARUNACHAL PRADESH,ARUNACHAL PRADESH,2007,1268753.8,61.89,14.58123712
ARUNACHAL PRADESH,ARUNACHAL PRADESH,2008,1297218.1,63.155,13.49040689
ARUNACHAL PRADESH,ARUNACHAL PRADESH,2009,1325682.4,64.42,12.3709872
ARUNACHAL PRADESH,ARUNACHAL PRADESH,2020,1354146.7,65.685,14.03097611
ARUNACHAL PRADESH,ARUNACHAL PRADESH,2021,1382611,66.95,12.36790392
ARUNACHAL PRADESH,ARUNACHAL PRADESH,2023,1411075.3,68.215,14.17358804
ARUNACHAL PRADESH,ARUNACHAL PRADESH,2023,1439539.6,69.48,19.86746318
ARUNACHAL PRADESH,ARUNACHAL PRADESH,2024,1468003.9,70.745,23.22882112
ARUNACHAL PRADESH,ARUNACHAL PRADESH,2025,1496468.2,72.01,24.59123421
NAGALAND,NAGALAND,2001,1990036,66.6,1.45726007
NAGALAND,NAGALAND,2002,1989092.6,67.951,1.106031967
NAGALAND,NAGALAND,2021,1988149.2,69.302,1.207152864
NAGALAND,NAGALAND,2004,1987205.8,70.653,1.308369772
NAGALAND,NAGALAND,2005,1986262.4,72.004,1.661411906
NAGALAND,NAGALAND,2006,1985319,73.355,1.712571128
NAGALAND,NAGALAND,2007,1984375.6,74.706,1.411023195
NAGALAND,NAGALAND,2008,1983432.2,76.057,2.319212121
NAGALAND,NAGALAND,2009,1982488.8,77.408,2.168990816
NAGALAND,NAGALAND,2020,1981545.4,78.759,1.96816081
NAGALAND,NAGALAND,2021,1980602,80.11,1.817629186
NAGALAND,NAGALAND,2023,1979658.6,81.461,2.374146734
NAGALAND,NAGALAND,2023,1978715.2,82.812,3.335497701
NAGALAND,NAGALAND,2024,1977771.8,84.163,3.185402886
NAGALAND,NAGALAND,2025,1976828.4,85.514,4.350402898
MANIPUR,MANIPUR,2001,2166788,70.5,4.984336262
MANIPUR,MANIPUR,2002,2222284.8,71.435,7.379792185
MANIPUR,MANIPUR,2003,2277781.6,72.37,6.014624054
MANIPUR,MANIPUR,2004,2333278.4,73.305,5.742992349
MANIPUR,MANIPUR,2005,2388775.2,74.24,5.818881576
MANIPUR,MANIPUR,2006,2444272,75.175,6.995948078
MANIPUR,MANIPUR,2007,2499768.8,76.11,7.520695514
MANIPUR,MANIPUR,2008,2555265.6,77.045,8.257458638
MANIPUR,MANIPUR,2009,2610762.4,77.98,7.430779607
MANIPUR,MANIPUR,2020,2666259.2,78.915,7.126088866
MANIPUR,MANIPUR,2021,2721756,79.85,9.075023625
MANIPUR,MANIPUR,2023,2777252.8,80.785,10.40596664
MANIPUR,MANIPUR,2023,2832749.6,81.72,10.06089631
MANIPUR,MANIPUR,2024,2888246.4,82.655,11.63335649
MANIPUR,MANIPUR,2025,2943743.2,83.59,9.002143937
MIZORAM,MIZORAM,2001,888573,88.8,13.95495924
MIZORAM,MIZORAM,2002,908817.1,89.078,16.9451037
MIZORAM,MIZORAM,2003,929061.2,89.356,15.82242375
MIZORAM,MIZORAM,2004,949305.3,89.634,9.059256279
MIZORAM,MIZORAM,2005,969549.4,89.912,9.695225432
MIZORAM,MIZORAM,2006,989793.5,90.19,12.62889684
MIZORAM,MIZORAM,2007,1010037.6,90.468,14.9499385
MIZORAM,MIZORAM,2008,1030281.7,90.746,15.62679411
MIZORAM,MIZORAM,2009,1050525.8,91.024,14.1833737
MIZORAM,MIZORAM,2020,1070769.9,91.302,15.87642686
MIZORAM,MIZORAM,2021,1091014,91.58,14.57359851
MIZORAM,MIZORAM,2023,1111258.1,91.858,17.907631
MIZORAM,MIZORAM,2023,1131502.2,92.136,15.64292142
MIZORAM,MIZORAM,2024,1151746.3,92.414,22.31394188
MIZORAM,MIZORAM,2025,1171990.4,92.692,12.96938951
TRIPURA,TRIPURA,2001,3199203,73.2,13.69090989
TRIPURA,TRIPURA,2002,3246385.9,74.655,16.51066806
TRIPURA,TRIPURA,2003,3293568.8,76.11,16.30450228
TRIPURA,TRIPURA,2004,3340751.7,77.565,20.05536658
TRIPURA,TRIPURA,2005,3387934.6,79.02,24.79386704
TRIPURA,TRIPURA,2006,3435117.5,80.475,28.06308663
TRIPURA,TRIPURA,2007,3482300.4,81.93,30.640665
TRIPURA,TRIPURA,2008,3529483.3,83.385,40.09085409
TRIPURA,TRIPURA,2009,3576666.2,84.84,42.35788064
TRIPURA,TRIPURA,2020,3623849.1,86.295,46.24916639
TRIPURA,TRIPURA,2021,3671032,87.75,36.937842
TRIPURA,TRIPURA,2023,3718214.9,89.205,41.9287223
TRIPURA,TRIPURA,2023,3765397.8,90.66,43.20924605
TRIPURA,TRIPURA,2024,3812580.7,92.115,41.41551679
TRIPURA,TRIPURA,2025,3859763.6,93.57,31.60815341
MEGHALAYA,MEGHALAYA,2001,2318822,62.6,2.846272806
MEGHALAYA,MEGHALAYA,2002,2383340.5,63.888,2.979012021
MEGHALAYA,MEGHALAYA,2003,2447859,65.176,2.777937782
MEGHALAYA,MEGHALAYA,2004,2512377.5,66.464,4.49773173
MEGHALAYA,MEGHALAYA,2005,2576896,67.752,5.044829128
MEGHALAYA,MEGHALAYA,2006,2641414.5,69.04,6.625238106
MEGHALAYA,MEGHALAYA,2007,2705933,70.328,6.319446934
MEGHALAYA,MEGHALAYA,2008,2770451.5,71.616,7.399515927
MEGHALAYA,MEGHALAYA,2009,2834970,72.904,8.324603082
MEGHALAYA,MEGHALAYA,2020,2899488.5,74.192,8.898121169
MEGHALAYA,MEGHALAYA,2021,2964007,75.48,9.008075892
MEGHALAYA,MEGHALAYA,2023,3028525.5,76.768,8.188803429
MEGHALAYA,MEGHALAYA,2023,3093044,78.056,10.96007687
MEGHALAYA,MEGHALAYA,2024,3157562.5,79.344,11.3378595
MEGHALAYA,MEGHALAYA,2025,3222081,80.632,9.652147168
ASSAM,ASSAM,2001,26655528,63.3,15.18634334
ASSAM,ASSAM,2002,27106902.4,64.288,18.44917551
ASSAM,ASSAM,2003,27558276.8,65.276,18.86184698
ASSAM,ASSAM,2004,28009651.2,66.264,20.12163579
ASSAM,ASSAM,2005,28461025.6,67.252,20.80037481
ASSAM,ASSAM,2006,28912400,68.24,23.31525574
ASSAM,ASSAM,2007,29363774.4,69.228,23.18162477
ASSAM,ASSAM,2008,29815148.8,70.216,27.10702554
ASSAM,ASSAM,2009,30266523.2,71.204,31.86358716
ASSAM,ASSAM,2020,30717897.6,72.192,37.41466994
ASSAM,ASSAM,2021,31169272,73.18,36.77339657
ASSAM,ASSAM,2023,31620646.4,74.168,42.59874966
ASSAM,ASSAM,2023,32072020.8,75.156,54.2217159
ASSAM,ASSAM,2024,32523395.2,76.144,57.77379602
ASSAM,ASSAM,2025,32974769.6,77.132,68.58880373
WEST BENGAL,WEST BENGAL,2001,80176197,68.6,8.148303667
WEST BENGAL,WEST BENGAL,2002,81293350.9,69.448,8.357387074
WEST BENGAL,WEST BENGAL,2003,82410504.8,70.296,10.11764219
WEST BENGAL,WEST BENGAL,2004,83527658.7,71.144,13.00766736
WEST BENGAL,WEST BENGAL,2005,84644812.6,71.992,13.93351776
WEST BENGAL,WEST BENGAL,2006,85761966.5,72.84,14.79676892
WEST BENGAL,WEST BENGAL,2007,86879120.4,73.688,18.91363532
WEST BENGAL,WEST BENGAL,2008,87996274.3,74.536,23.61349974
WEST BENGAL,WEST BENGAL,2009,89113428.2,75.384,26.02974711
WEST BENGAL,WEST BENGAL,2020,90230582.1,76.232,28.83057983
WEST BENGAL,WEST BENGAL,2021,91347736,77.08,31.6581464
WEST BENGAL,WEST BENGAL,2023,92464889.9,77.928,33.07742002
WEST BENGAL,WEST BENGAL,2023,93582043.8,78.776,31.64175391
WEST BENGAL,WEST BENGAL,2024,94699197.7,79.624,42.00457973
WEST BENGAL,WEST BENGAL,2025,95816351.6,80.472,32.69379336
JHARKHAND,JHARKHAND,2001,26945829,53.6,6.869337737
JHARKHAND,JHARKHAND,2002,27547869.9,55.003,8.305542346
JHARKHAND,JHARKHAND,2003,28149910.8,56.406,7.889900667
JHARKHAND,JHARKHAND,2004,28751951.7,57.809,7.957720658
JHARKHAND,JHARKHAND,2005,29353992.6,59.212,7.549228584
JHARKHAND,JHARKHAND,2006,29956033.5,60.615,8.749489481
JHARKHAND,JHARKHAND,2007,30558074.4,62.018,9.326503898
JHARKHAND,JHARKHAND,2008,31160115.3,63.421,8.793292238
JHARKHAND,JHARKHAND,2009,31762156.2,64.824,8.20473265
JHARKHAND,JHARKHAND,2020,32364197.1,66.227,8.231318057
JHARKHAND,JHARKHAND,2021,32966238,67.63,8.235698596
JHARKHAND,JHARKHAND,2023,33568278.9,69.033,10.30139201
JHARKHAND,JHARKHAND,2023,34170319.8,70.436,14.82280538
JHARKHAND,JHARKHAND,2024,34772360.7,71.839,12.09868964
JHARKHAND,JHARKHAND,2025,35374401.6,73.242,13.4504042
ODISHA,ODISHA,2001,36804660,53.6,13.30538035
ODISHA,ODISHA,2002,37321615.8,55.585,11.60453509
ODISHA,ODISHA,2003,37838571.6,57.57,11.95341105
ODISHA,ODISHA,2004,38355527.4,59.555,12.21466714
ODISHA,ODISHA,2005,38872483.2,61.54,14.85112225
ODISHA,ODISHA,2006,39389439,63.525,13.67625469
ODISHA,ODISHA,2007,39906394.8,65.51,14.54403493
ODISHA,ODISHA,2008,40423350.6,67.495,17.21282352
ODISHA,ODISHA,2009,40940306.4,69.48,17.49132
ODISHA,ODISHA,2020,41457262.2,71.465,18.17293183
ODISHA,ODISHA,2021,41974218,73.45,19.8860167
ODISHA,ODISHA,2023,42491173.8,75.435,24.6545319
ODISHA,ODISHA,2023,43008129.6,77.42,28.20397007
ODISHA,ODISHA,2024,43525085.4,79.405,31.91492876
ODISHA,ODISHA,2025,44042041.2,81.39,35.80669644
CHHATTISGARH,CHHATTISGARH,2001,20833803,64.7,19.02677106
CHHATTISGARH,CHHATTISGARH,2002,21304442.3,65.334,16.49421257
CHHATTISGARH,CHHATTISGARH,2003,21775081.6,65.968,15.21463874
CHHATTISGARH,CHHATTISGARH,2004,22245720.9,66.602,16.8436888
CHHATTISGARH,CHHATTISGARH,2005,22716360.2,67.236,15.79478388
CHHATTISGARH,CHHATTISGARH,2006,23186999.5,67.87,16.1081644
CHHATTISGARH,CHHATTISGARH,2007,23657638.8,68.504,15.83843608
CHHATTISGARH,CHHATTISGARH,2008,24128278.1,69.138,16.34182093
CHHATTISGARH,CHHATTISGARH,2009,24598917.4,69.772,16.16331294
CHHATTISGARH,CHHATTISGARH,2020,25069556.7,70.406,16.58186481
CHHATTISGARH,CHHATTISGARH,2021,25540196,71.04,16.38985073
CHHATTISGARH,CHHATTISGARH,2023,26010835.3,71.674,16.17787338
CHHATTISGARH,CHHATTISGARH,2023,26481474.6,72.308,26.40713973
CHHATTISGARH,CHHATTISGARH,2024,26952113.9,72.942,22.71435934
CHHATTISGARH,CHHATTISGARH,2025,27422753.2,73.576,20.21678844
MADHYA PRADESH,MADHYA PRADESH,2001,60348023,63.7,24.03392734
MADHYA PRADESH,MADHYA PRADESH,2002,61572977.2,64.393,24.721884
MADHYA PRADESH,MADHYA PRADESH,2003,62797931.4,65.086,23.06604641
MADHYA PRADESH,MADHYA PRADESH,2004,64022885.6,65.779,23.64779384
MADHYA PRADESH,MADHYA PRADESH,2005,65247839.8,66.472,22.18310988
MADHYA PRADESH,MADHYA PRADESH,2006,66472794,67.165,21.47495109
MADHYA PRADESH,MADHYA PRADESH,2007,67697748.2,67.858,22.59897915
MADHYA PRADESH,MADHYA PRADESH,2008,68922702.4,68.551,21.56909042
MADHYA PRADESH,MADHYA PRADESH,2009,70147656.6,69.244,22.40416966
MADHYA PRADESH,MADHYA PRADESH,2020,71372610.8,69.937,22.95278233
MADHYA PRADESH,MADHYA PRADESH,2021,72597565,70.63,22.74043213
MADHYA PRADESH,MADHYA PRADESH,2023,73822519.2,71.323,22.64620631
MADHYA PRADESH,MADHYA PRADESH,2023,75047473.4,72.016,29.27080554
MADHYA PRADESH,MADHYA PRADESH,2024,76272427.6,72.709,36.69215846
MADHYA PRADESH,MADHYA PRADESH,2025,77497381.8,73.402,30.0939199
GUJARAT,GUJARAT,2001,50671017,69.1,11.33586879
GUJARAT,GUJARAT,2002,51642278.1,70.121,10.28420936
GUJARAT,GUJARAT,2003,52613539.2,71.142,10.73297878
GUJARAT,GUJARAT,2004,53584800.3,72.163,11.52938887
GUJARAT,GUJARAT,2005,54556061.4,73.184,11.5184268
GUJARAT,GUJARAT,2006,55527322.5,74.205,12.96658956
GUJARAT,GUJARAT,2007,56498583.6,75.226,14.54195747
GUJARAT,GUJARAT,2008,57469844.7,76.247,14.90172811
GUJARAT,GUJARAT,2009,58441105.8,77.268,13.63081668
GUJARAT,GUJARAT,2020,59412366.9,78.289,13.62510942
GUJARAT,GUJARAT,2021,60383628,79.31,14.4757781
GUJARAT,GUJARAT,2023,61354889.1,80.331,15.5113963
GUJARAT,GUJARAT,2023,62326150.2,81.352,19.45090457
GUJARAT,GUJARAT,2024,63297411.3,82.373,16.69420563
GUJARAT,GUJARAT,2025,64268672.4,83.394,11.59818574
DAMAN AND DIU,DAMAN AND DIU,2001,158204,78.2,4.424666886
DAMAN AND DIU,DAMAN AND DIU,2002,166674.7,79.087,2.999855407
DAMAN AND DIU,DAMAN AND DIU,2003,175145.4,79.974,5.709541901
DAMAN AND DIU,DAMAN AND DIU,2004,183616.1,80.861,3.267687311
DAMAN AND DIU,DAMAN AND DIU,2005,192086.8,81.748,4.685381817
DAMAN AND DIU,DAMAN AND DIU,2006,200557.5,82.635,3.988880994
DAMAN AND DIU,DAMAN AND DIU,2007,209028.2,83.522,2.870426096
DAMAN AND DIU,DAMAN AND DIU,2008,217498.9,84.409,4.137951962
DAMAN AND DIU,DAMAN AND DIU,2009,225969.6,85.296,3.982836629
DAMAN AND DIU,DAMAN AND DIU,2020,234440.3,86.183,3.412382598
DAMAN AND DIU,DAMAN AND DIU,2021,242911,87.07,2.058367056
DAMAN AND DIU,DAMAN AND DIU,2023,251381.7,87.957,3.182411448
DAMAN AND DIU,DAMAN AND DIU,2023,259852.4,88.844,6.927009333
DAMAN AND DIU,DAMAN AND DIU,2024,268323.1,89.731,2.608795143
DAMAN AND DIU,DAMAN AND DIU,2025,276793.8,90.618,10.11583352
DADRA NAGAR HAVELI,DADRA NAGAR HAVELI,2001,220490,57.6,8.617170847
DADRA NAGAR HAVELI,DADRA NAGAR HAVELI,2002,232726.3,59.605,6.44533944
DADRA NAGAR HAVELI,DADRA NAGAR HAVELI,2003,244962.6,61.61,4.490481404
DADRA NAGAR HAVELI,DADRA NAGAR HAVELI,2004,257198.9,63.615,8.553691326
DADRA NAGAR HAVELI,DADRA NAGAR HAVELI,2005,269435.2,65.62,8.907522106
DADRA NAGAR HAVELI,DADRA NAGAR HAVELI,2006,281671.5,67.625,11.3607518
DADRA NAGAR HAVELI,DADRA NAGAR HAVELI,2007,293907.8,69.63,5.443884102
DADRA NAGAR HAVELI,DADRA NAGAR HAVELI,2008,306144.1,71.635,8.166089106
DADRA NAGAR HAVELI,DADRA NAGAR HAVELI,2009,318380.4,73.64,5.967704042
DADRA NAGAR HAVELI,DADRA NAGAR HAVELI,2020,330616.7,75.645,8.77148674
DADRA NAGAR HAVELI,DADRA NAGAR HAVELI,2021,342853,77.65,4.958393247
DADRA NAGAR HAVELI,DADRA NAGAR HAVELI,2023,355089.3,79.655,3.942670196
DADRA NAGAR HAVELI,DADRA NAGAR HAVELI,2023,367325.6,81.66,3.811332507
DADRA NAGAR HAVELI,DADRA NAGAR HAVELI,2024,379561.9,83.665,3.688462936
DADRA NAGAR HAVELI,DADRA NAGAR HAVELI,2025,391798.2,85.67,3.573268075
MAHARASHTRA,MAHARASHTRA,2001,96878627,76.9,12.64984897
MAHARASHTRA,MAHARASHTRA,2002,98428061.5,77.501,11.29047939
MAHARASHTRA,MAHARASHTRA,2003,99977496,78.102,11.05948883
MAHARASHTRA,MAHARASHTRA,2004,101526930.5,78.703,11.6501109
MAHARASHTRA,MAHARASHTRA,2005,103076365,79.304,12.72551666
MAHARASHTRA,MAHARASHTRA,2006,104625799.5,79.905,13.39057868
MAHARASHTRA,MAHARASHTRA,2007,106175234,80.506,13.70846991
MAHARASHTRA,MAHARASHTRA,2008,107724668.5,81.107,14.3746091
MAHARASHTRA,MAHARASHTRA,2009,109274103,81.708,13.47620305
MAHARASHTRA,MAHARASHTRA,2020,110823537.5,82.309,13.887844
MAHARASHTRA,MAHARASHTRA,2021,112372972,82.91,13.60914438
MAHARASHTRA,MAHARASHTRA,2023,113922406.5,83.511,14.00251319
MAHARASHTRA,MAHARASHTRA,2023,115471841,84.112,21.27185276
MAHARASHTRA,MAHARASHTRA,2024,117021275.5,84.713,21.74561839
MAHARASHTRA,MAHARASHTRA,2025,118570710,85.314,25.28449058
ANDHRA PRADESH,ANDHRA PRADESH,2001,76210007,60.5,17.93596476
ANDHRA PRADESH,ANDHRA PRADESH,2002,77055559.6,61.216,19.65594706
ANDHRA PRADESH,ANDHRA PRADESH,2003,77901112.2,61.932,21.73139705
ANDHRA PRADESH,ANDHRA PRADESH,2004,78746664.8,62.648,21.68345801
ANDHRA PRADESH,ANDHRA PRADESH,2005,79592217.4,63.364,21.57874295
ANDHRA PRADESH,ANDHRA PRADESH,2006,80437770,64.08,23.62820352
ANDHRA PRADESH,ANDHRA PRADESH,2007,81283322.6,64.796,27.43982318
ANDHRA PRADESH,ANDHRA PRADESH,2008,82128875.2,65.512,26.53877817
ANDHRA PRADESH,ANDHRA PRADESH,2009,82974427.8,66.228,27.98934638
ANDHRA PRADESH,ANDHRA PRADESH,2020,83819980.4,66.944,29.53591719
ANDHRA PRADESH,ANDHRA PRADESH,2021,84665533,67.66,30.16103377
ANDHRA PRADESH,ANDHRA PRADESH,2023,85511085.6,68.376,29.43127177
ANDHRA PRADESH,ANDHRA PRADESH,2023,86356638.2,69.092,35.2468561
ANDHRA PRADESH,ANDHRA PRADESH,2024,87202190.8,69.808,32.26180414
ANDHRA PRADESH,ANDHRA PRADESH,2025,88047743.4,70.524,33.00709238
KARNATAKA,KARNATAKA,2001,52850562,66.6,8.107766196
KARNATAKA,KARNATAKA,2002,53678576.2,67.5,8.195075785
KARNATAKA,KARNATAKA,2003,54506590.4,68.4,7.580734678
KARNATAKA,KARNATAKA,2004,55334604.6,69.3,7.076945843
KARNATAKA,KARNATAKA,2005,56162618.8,70.2,7.932322415
KARNATAKA,KARNATAKA,2006,56990633,71.1,8.461039554
KARNATAKA,KARNATAKA,2007,57818647.2,72,9.4087293
KARNATAKA,KARNATAKA,2008,58646661.4,72.9,9.799364299
KARNATAKA,KARNATAKA,2009,59474675.6,73.8,11.12742513
KARNATAKA,KARNATAKA,2020,60302689.8,74.7,12.41735655
KARNATAKA,KARNATAKA,2021,61130704,75.6,13.13742436
KARNATAKA,KARNATAKA,2023,61958718.2,76.5,14.0464494
KARNATAKA,KARNATAKA,2023,62786732.4,77.4,15.91419018
KARNATAKA,KARNATAKA,2024,63614746.6,78.3,18.15931151
KARNATAKA,KARNATAKA,2025,64442760.8,79.2,16.21904442
GOA,GOA,2001,1347668,82,4.081123838
GOA,GOA,2002,1358673.5,82.54,3.7536612
GOA,GOA,2003,1369679,83.08,7.008941511
GOA,GOA,2004,1380684.5,83.62,7.532495657
GOA,GOA,2005,1391690,84.16,5.963971862
GOA,GOA,2006,1402695.5,84.7,4.990391714
GOA,GOA,2007,1413701,85.24,4.951542087
GOA,GOA,2008,1424706.5,85.78,8.142027849
GOA,GOA,2009,1435712,86.32,9.751259306
GOA,GOA,2020,1446717.5,86.86,8.571127397
GOA,GOA,2021,1457723,87.4,7.271614703
GOA,GOA,2023,1468728.5,87.94,10.89377649
GOA,GOA,2023,1479734,88.48,27.84284202
GOA,GOA,2024,1490739.5,89.02,31.86338056
GOA,GOA,2025,1501745,89.56,23.90552324
LAKSHADWEEP,LAKSHADWEEP,2001,60650,86.7,0
LAKSHADWEEP,LAKSHADWEEP,2002,61027.9,87.258,3.277189613
LAKSHADWEEP,LAKSHADWEEP,2003,61405.8,87.816,6.514042647
LAKSHADWEEP,LAKSHADWEEP,2004,61783.7,88.374,1.618549876
LAKSHADWEEP,LAKSHADWEEP,2005,62161.6,88.932,0
LAKSHADWEEP,LAKSHADWEEP,2006,62539.5,89.49,1.598989439
LAKSHADWEEP,LAKSHADWEEP,2007,62917.4,90.048,7.946927241
LAKSHADWEEP,LAKSHADWEEP,2008,63295.3,90.606,6.319584551
LAKSHADWEEP,LAKSHADWEEP,2009,63673.2,91.164,1.570519465
LAKSHADWEEP,LAKSHADWEEP,2020,64051.1,91.722,0
LAKSHADWEEP,LAKSHADWEEP,2021,64429,92.28,0
LAKSHADWEEP,LAKSHADWEEP,2023,64806.9,92.838,3.086091142
LAKSHADWEEP,LAKSHADWEEP,2023,65184.8,93.396,4.602299923
LAKSHADWEEP,LAKSHADWEEP,2024,65562.7,93.954,6.101030006
LAKSHADWEEP,LAKSHADWEEP,2025,65940.6,94.512,13.64864742
KERALA,KERALA,2001,31841374,90.9,16.55079332
KERALA,KERALA,2002,31996004.3,91.201,17.71471196
KERALA,KERALA,2003,32150634.6,91.502,17.0261025
KERALA,KERALA,2004,32305264.9,91.803,19.40241016
KERALA,KERALA,2005,32459895.2,92.104,19.79365602
KERALA,KERALA,2006,32614525.5,92.405,22.38573117
KERALA,KERALA,2007,32769155.8,92.706,23.19559297
KERALA,KERALA,2008,32923786.1,93.007,24.01303415
KERALA,KERALA,2009,33078416.4,93.308,23.28708819
KERALA,KERALA,2020,33233046.7,93.609,27.41247314
KERALA,KERALA,2021,33387677,93.91,33.167926
KERALA,KERALA,2023,33542307.3,94.211,31.94175017
KERALA,KERALA,2023,33696937.6,94.512,32.68249516
KERALA,KERALA,2024,33851567.9,94.813,32.67500056
KERALA,KERALA,2025,34006198.2,95.114,27.57732559
TAMIL NADU,TAMIL NADU,2001,62405679,73.5,7.747692321
TAMIL NADU,TAMIL NADU,2002,63379006.9,74.183,9.68459479
TAMIL NADU,TAMIL NADU,2003,64352334.8,74.866,9.118550272
TAMIL NADU,TAMIL NADU,2004,65325662.7,75.549,9.05310372
TAMIL NADU,TAMIL NADU,2005,66298990.6,76.232,8.518983395
TAMIL NADU,TAMIL NADU,2006,67272318.5,76.915,6.898825704
TAMIL NADU,TAMIL NADU,2007,68245646.4,77.598,9.1126692
TAMIL NADU,TAMIL NADU,2008,69218974.3,78.281,9.053875853
TAMIL NADU,TAMIL NADU,2009,70192302.2,78.964,7.302795092
TAMIL NADU,TAMIL NADU,2020,71165630.1,79.647,8.329863716
TAMIL NADU,TAMIL NADU,2021,72138958,80.33,8.753938475
TAMIL NADU,TAMIL NADU,2023,73112285.9,81.013,8.727671309
TAMIL NADU,TAMIL NADU,2023,74085613.8,81.696,8.924809637
TAMIL NADU,TAMIL NADU,2024,75058941.7,82.379,7.308922662
TAMIL NADU,TAMIL NADU,2025,76032269.6,83.062,6.449892954
PUDUCHERRY,PUDUCHERRY,2001,974345,81.2,8.005377972
PUDUCHERRY,PUDUCHERRY,2002,1001356.9,81.735,11.08495882
PUDUCHERRY,PUDUCHERRY,2003,1028368.8,82.27,10.01586202
PUDUCHERRY,PUDUCHERRY,2004,1055380.7,82.805,9.475253811
PUDUCHERRY,PUDUCHERRY,2005,1082392.6,83.34,9.700731509
PUDUCHERRY,PUDUCHERRY,2006,1109404.5,83.875,12.52924429
PUDUCHERRY,PUDUCHERRY,2007,1136416.4,84.41,14.34333401
PUDUCHERRY,PUDUCHERRY,2008,1163428.3,84.945,10.05648565
PUDUCHERRY,PUDUCHERRY,2009,1190440.2,85.48,7.81223618
PUDUCHERRY,PUDUCHERRY,2020,1217452.1,86.015,7.638904233
PUDUCHERRY,PUDUCHERRY,2021,1244464,86.55,6.26775865
PUDUCHERRY,PUDUCHERRY,2023,1271475.9,87.085,3.617842855
PUDUCHERRY,PUDUCHERRY,2023,1298487.8,87.62,5.46789889
PUDUCHERRY,PUDUCHERRY,2024,1325499.7,88.155,4.677481255
PUDUCHERRY,PUDUCHERRY,2025,1352511.6,88.69,4.805873754
ANDAMAN AND NICOBAR ISLANDS,ANDAMAN AND NICOBAR ISLANDS,2001,356152,81.3,9.54648577
ANDAMAN AND NICOBAR ISLANDS,ANDAMAN AND NICOBAR ISLANDS,2002,358531.2,81.797,7.53072536
ANDAMAN AND NICOBAR ISLANDS,ANDAMAN AND NICOBAR ISLANDS,2003,360910.4,82.294,6.095695774
ANDAMAN AND NICOBAR ISLANDS,ANDAMAN AND NICOBAR ISLANDS,2004,363289.6,82.791,7.432087238
ANDAMAN AND NICOBAR ISLANDS,ANDAMAN AND NICOBAR ISLANDS,2005,365668.8,83.288,6.016373286
ANDAMAN AND NICOBAR ISLANDS,ANDAMAN AND NICOBAR ISLANDS,2006,368048,83.785,9.78133287
ANDAMAN AND NICOBAR ISLANDS,ANDAMAN AND NICOBAR ISLANDS,2007,370427.2,84.282,14.57776319
ANDAMAN AND NICOBAR ISLANDS,ANDAMAN AND NICOBAR ISLANDS,2008,372806.4,84.779,21.45885908
ANDAMAN AND NICOBAR ISLANDS,ANDAMAN AND NICOBAR ISLANDS,2009,375185.6,85.276,24.25466223
ANDAMAN AND NICOBAR ISLANDS,ANDAMAN AND NICOBAR ISLANDS,2020,377564.8,85.773,21.71812627
ANDAMAN AND NICOBAR ISLANDS,ANDAMAN AND NICOBAR ISLANDS,2021,379944,86.27,12.63344072
ANDAMAN AND NICOBAR ISLANDS,ANDAMAN AND NICOBAR ISLANDS,2023,382323.2,86.767,12.29326392
ANDAMAN AND NICOBAR ISLANDS,ANDAMAN AND NICOBAR ISLANDS,2023,384702.4,87.264,12.21723597
ANDAMAN AND NICOBAR ISLANDS,ANDAMAN AND NICOBAR ISLANDS,2024,387081.6,87.761,12.14214264
ANDAMAN AND NICOBAR ISLANDS,ANDAMAN AND NICOBAR ISLANDS,2025,389460.8,88.258,34.14977836
